medicine;synonims;count_of_patients;min_dose;max_dose;MNN;group;agp_class;combination;original;attendant_class
тромбо асс;9тромбоасс|ромбо асс|стромбо-асс|томбо асс|томбоасс|тормбо асс|тормбо-асс|торомбо асс|торомбоасс|торомбо-асс|трбомасс|трбомбоасс|трмбо асс|трмбо- асс|трмбоасс|трмбо-асс|трмобо асс|трмомбоасс|троабо асс|тробмо асс|тробмоасс|тробо асс|тробоасс|тробом асс|тром ббо асс|тромбасс|тромб-асс|тромбо - асс|тромбо асс|тромбо -асс|тромбо- асс|тромбоаасс|тромбоасс|тромбо-асс|тромбо--асс|тромбоасса|тромбо-асса|тромбоассс|тромбо-касс|тромбр асс|тромбюо асс|тромбюо- асс|тромо асс|тромо- асс|тромоасс|тромюо- асс|тросбо- асс|тросбоасс|тросбо-асс|тросмбо- асс|тросмбо-асс|трромбо-асс|трьмбо-асс;9670;0;10100;Ацетилсалициловая кислота;2;8;6;1;1
конкор;конко р|конколр|конконр|конкот|конкр|конкуор|конор|жконкор|кконкор|клонкор|кнкор|когнкор|коккор|кокор|колнкор|кон6кор|конгкор|конк-кор|конкор|кон-кор|конкора|конкорк|конкорн|конкоро|конкором|конокор|конокр|конткор|коркор|крнкор|кронкор|окнкор|онкор|утромконкор|костор;8903;0,6125;205;Бисопролол;1;1;8;1;
кардиомагнил;каардиомагнил|кадиомагнил|каиомагнил|каодимагнил|каодиомагнил|каордиомагнил|капдиомагнил|карджиомагнил|кардиамагнил|кардииомагнил|кардимагнил|кардимомагнил|кардиоагнил|кардиодиомагнил|кардиоиагнил|кардиоимагнил|кардиолмагнил|кардиомаггнил|кардиомагил|кардиомагинл|кардиомагн6ил|кардиомагн7ил|кардиомагнгил|кардиомагни|кардиомагнл|кардиомагнмл|кардиомагнол|кардиомагнпил|кардиомагнрил|кардиомагнтл|кардиомагшнил|кардиомангил|кардиоманил|кардиомаогнил|кардиомаонил|кардиомгнил|кардиомегнил|кардиоммагнил|кардиоомагнил|кардиосанил|кардиотмагнил|кардитомагнил|кардлиомагнил|кардомагнил|кардриомагнил|кардтомагнил|каридмагнил|каридомагнил|кариомагнил|карлдиомагнил|карлиомагнил|каррдиомагнил|крадиомагнил|крардиомагнил|крдиомагнил|9кардиомагнил|кардиомагнил|кардиомагнил - форте|кардиомагнил -форте|кардиомагнила|кордиомагнил|кардиомагила;7220;2,5;785;Ацетилсалициловая кислота +магния гидроксид;2;8;6;1;1
амлодипин;аилодипин|алмодипин|алодипин|амдлодипин|амдодипин|амлдодипин|амлидипин|амлодиин|амлодимпин|амлодинин|амлодлипин|амлодпин|амлодпипн|амлоидипин|амлоипин|амлродипин|амодипин|амплодипин|аплодипин|к теарпии ам лодипин|млодипин|амлодипин|амлодипина|амлолипин|альдимпин;6071;0;160;Амлодипин;1;4;6;3;
аторис;а торис|атиорис|атогрис|атоирс|атоис|атори|аторрис|аторс|атортс|атрис|атроис|атрорис|атррис|атьрис|вторис|лторис|уторис|а аторис|аторис|аторис9ваз|аториса;5848;0;240;Аторвастатин;2;8;6;2;2
аторвастатин;аторвасатин|аторвасатитн|аторвататин|аторватсатин|аторватстаин|аторватстан|аторватстиан|аторваттсиан|аторовасатин|амтрвастатин|аорвастатин|атовастатин|атоврастатин|атоврастатины|атолрвастатин|атоорвастатины|аторавастатин|аторастатин|аторвакстатин|аторвастаин|аторвастаитн|аторвастанин|аторвастастатины|аторвастастин|аторвастатаин|аторвастати|аторвастати н|аторвастати ны|аторвастатиин|аторвастатин|аторвастатин-|аторвастатина|аторвастатингы|аторвастатинин|аторвастатинны|аторвастатинт|аторвастатины|аторвастатины э|аторвастатит|аторвастатиы|аторвастатнин|аторвастатои|аторвастин|аторвастины|аторваститан|аторваститатин|аторваститин|аторваститины|аторваститны|аторвастстин|аторвасттаин|аторвасттин|аторввастаттин|аторовастатин|аторовастатины|аторпвастатин|аторрвастатины|атрвастатин|атровастатин|атровастатины|вторвастатин|пторвастатин|торвастатин;5198;0;240;Аторвастатин;2;7;6;3;2
торвакард;орвакард|товакард|товракард|торавакард|торакард|торваард|торваекард|торвакад|торвакакрд|торвакапрд|торвакар|торваккард|торвакрад|торвакрд|торвард|торваркад|торввакард|торвкард|торвоакард|торвокард|торвркард|торкакард|торкарад|торкард|торовакард|трвакард|трвакрд|тровакард|алт  а торвакарда|торвакард|торвакарда;4994;0;240;Аторвастатин;2;8;6;2;2
липримар;ипримар|ли примар|лимпримар|липиримар|липирмар|липоримар|липриар|липрима р|липримао|липримр|липритмар|липрмар|липрмиар|лиримар|лирримар|лпримар|липримар|липримара;4631;0;240;Аторвастатин;2;8;6;1;2
бисопролол;биосопролол|биоспролол|бислопролол|бисолпролол|бисопоролол|бисоппролол|бисопралол|бисопрлол|бисопрол|бисопроол|бисопропролол|бисоролол|биспопролол|биспоролол|бсопролол|кисопролол|бисопролол|бисопролол- бидоп;3672;0,625;80;Бисопролол;1;1;6;3;
норваск;норавск|норвас|норвск|нарваск|новаск|новраск|ноорваск|нораск|норвакс|норваск|норваска|норваскс|норвасск|нороваск|ночь норваск|ноаск|новаском;3202;1;250;Амлодипин;1;4;6;1;
тулип;тиулип|тулип|тулп|тултп|тулшип|турип|ьулип|тулипа;3151;0;240;Аторвастатин;2;8;6;2;2
физиотенз;фзиотенз|физиоенз|физиоетнз|физиоитенз|физиолотенз|физиолтенз|физионтенз|физиотез|физиотен|физиотнез|физиотнз|физиотьенз|физитенз|физитотенз|физмиотенз|физотенз|физхиотенз|фииотенз|фииотнез|фимзиотенз|фитзиотенз|фихитенз|утромфизиотенз|физимотенз|физиотенз|физиотенза|физтотенз|фиотенз;3072;0;400;Моксонидин;1;6;6;1;
лозап;дозап|лазап|лоазп|лодап|лоза|лозва|лозп|лозхап|лощап 12|лозап;2794;0;160;Лозартан;1;3;6;2;
нормодипин;еормодипин|номодипин|ноормодипин|нордодипин|нормадипин|нормдипин|нормидипин|нормлдипин|норммдипин|нормодиин|нормодин|нормодипи|нормодипн|нормодиппин|нормодлипин|нормодоипин|нормодтпин|нормолдипин|нормолипин|нормонипин|нормордипин|нормрдипин|нородипин|норомодипин|норсмодипин|нрмодипин|нормодипин|норморитмин;2626;1,25;150;Амлодипин;1;4;6;2;
крестор;керстор|коестор|кресмтор|крестолр|крестоор|крестр|кресттор|кркстор|крсетор|крстор|рестор|алт -крестор|корестор|крестор|крестора|кретор|кретсор;2515;0;80;Розувастатин;2;8;6;1;2
беталок зок;баталок зок|беатол-зок|бекталок зок|бетало зок|беталое-зок|беталоз зок|бетало-зок|беталоок-зок|беталрок зок|бетаок -зок|бетлок зок|бетол-зок|бетолок-зок|бетплок зок|беьталок зок|бкталок-зок|бтелок зок|веталок зок|ьеталок зок|ьеталок-зок|беталок зок|беталокзок|беталок-зок|беталок-зока|беталок зок;2482;2;250;Метопролол;1;1;6;1;
престариум;перстариум|пестаруим|престарим|престариу|престаруи|престарум|прествриум|престериум|престиариум|престирум|престраиум|престрариум|престриум|престуриам|престуриум|пристариум|проестариум|преастариум|преситариум|престариум|престриуам|претсраиум;2232;0,625;100;Периндоприл;1;2;6;1;
арифон ретард;ариофн ретард|арифн-ретард|арифо ретард|арифоен ретард|арифон - рет|арифон - ретард|арифон рет|арифон -рет|арифон- рет|арифон ретад|арифон ретапд|арифон ретар|арифон ретард|арифон -ретард|арифон- ретард|арифон ретарт|арифон реторд|арифон ретрад|арифон- ретрад|арифон ретрд|арифон-рет|арифон-ретад|арифон-ретаод|арифонретард|арифон-ретард|арифон-ретрад|арифор ретард|арифо-ретард|арифор-ретард|аррифон ретард|арфон-ретард|афифон ретард|ларифон ретард;2138;1,25;160;Индапамид;1;5;6;1;
валз;ваз|вал|варз|вазз|валз|валза|валзс|валс|валсз|вальз|вальс;2069;5;1600;Валсартан;1;3;6;2;
верошпирон;верашпирон|веролшпирон|вероршпирон|верошпирн|верошпирок|верошпирон|верошпоирон|верошприон|верошприрон|верошпрон|верошптрон|верощпирон|вершпирон|врошпирон|верошпирона;1743;0,025;300;Спиронолактон;1;5;6;2;
мертенил;ертенил|мартенил|менртенил|ментенил|меренил|мертегил|мертеенил|мертениз|мертенин|мертерил|мертетил|мертил|мертинил|мертинин|метинил|метренил|мртенил|меретенил|меретнил|мертенил;1639;2,5;50;Розувастатин;2;8;6;2;2
розувастатин;розувасатины|розувататин|розуватстаин|ил розувастатин|разувастатин|розавастатин|розовастатин|розуастатин|розувастататин|розувастатин|розувастатин т|розувастатина|розувастатини|розувастатины|розувастин|розуваститин|розуквастатины|розурвастатин|розывастатины;1601;2,5;50;Розувастатин;2;8;6;3;2
липтонорм;липтонор|липтором;1524;5;50;Аторвастатин;2;8;6;2;2
диувер;дивер|дитувер|дувер|диувер;1495;1,25;50;Торасемид;1;5;6;2;
эгилок;егилок|э гилок|эгилк|эгиллок|эгило к|эгилок|экилок|ад эгилок;1371;2,5;400;Метопролол;1;1;6;2;
диован;диаован|диван|дивоан|диоан|диова|диоован|дмиован|диавын|диовал|диован;1340;0,2;320;Валсартан;1;3;6;1;
коронал;кононал|оронал|коранал|кордосал|корнал|корокнал|коронал|коронала|коронел|коронол|коррнал;1331;0,625;20;Бисопролол;1;1;6;2;
небилет;nebilet|набилет|небиет|небилат|небиле|небилнт 1|неблет|неилет|нелибет|нибилет 2|ниебилет|небилет|небилета;1302;1;100;Небиволол;1;1;6;1;
индапамид;индапамид|инапамид|индапаамид|индапаимд|индапамид-|индапамид индап|индапамид мв|индапамид ср|индапамид1|индапамида|индапамил|индапамилд|индапамин|индапапамид|индапеамид|индарамид|индопамид|индпамид|инлапамид;1268;0,625;25;Индапамид;1;5;6;3;
варфарин;ваорфарин|варафарин|варварин|варфаин|варфари|варфарфарин|варфраин|вафарин|вафраин|врфарин|варфарин|варфарина;1218;1;150;Варфарин;2;8;6;3;5
кардилопин;кадилопин|кадиолопин|кардиолопин|кардитлопин|кардолопин|каридлопин|крдилопин|кардилопаин норваск|кардилопин|кардилопина|кордилопин;1177;1,25;100;Амлодипин;1;4;6;2;
тг-тор;тг-тор;1171;5;40;Аторвастатин;2;8;6;2;2
бипрол;бипрол|бипром;1109;1,25;75;Бисопролол;1;1;6;2;
лориста;лариста|лолиста|лориста|лористы|лоритса|лоритста|лриста|лористу;1059;5;125;Лозартан;1;3;6;2;
капотен;capateni|капатен|капотен|капотн|каптен|кпотен|сараteni|капотена;1055;0,025;50;Каптоприл;1;2;6;1;
тенокс;тенгокс|тенкос|ткноуч|тнеокс|тенок|тенокас|тенокс|тенокса|тнокс|тонокс|ттенокс|тьенокс;1054;2,5;10;Амлодипин;1;4;6;2;
лозартан;лазортан|лозартан;1005;5;160;Лозартан;1;3;6;3;
бисогамма;бисогамма|бисогаммма|биссогамма|бисонамма;977;1,25;75;Бисопролол;1;1;6;2;
сотагексал;метагексал|сатагексал|слтагексал|соатгексал|согтагексал|солтагексал|сотагегсал|сотагекал|сотагекесал|сотагексал|сотагексан|сотагексл|сотагесал|сотагескал|сотагксал|сотегексал|сотогексал|сртагексала|стагексал|стоагексал|стогексал|сотагексала|сотагексалом;970;5;200;Соталол;2;8;6;2;6
валсартан;валартан|валсалртан|валсаотан|валсартан|валсартан т|валсартана|валсартван|валсартна|валсартсан|валсортан|валтасаран|вальсартан|вальсортан|вассартан;970;1;1609;Валсартан;1;3;6;3;
ренитек;оенитек|ренетек|рените|ренитиек|рентек|ренитек|ренитека|ретитек;942;0;160;Эналаприл;1;2;6;1;
престариум а;пренстариум а|престприум а|престариум а|престариума|престриума;939;1,25;600;Периндоприла аргинин;1;2;6;1;
периндоприл;периндопррил|периндоприл;849;0,625;12,5;Периндоприл;1;2;6;3;
афобазол;афабазол|афабозол|афобазол|афозабол|афообазол|афорбазол;836;0,025;50;Фабомотизол;2;8;6;1;7
гипотиазид;гиоптиазид|гиотиазид|гипотазид|гипотеиазид|гипотиад|гипотиази|гипотиазод|гипотиаизд|гипотизаид|гипотизид|гипотииазид|гипотиозид|гипотипазид|гипоттиазид|гиптиазид|гопотиазид|гипотиазид;816;0,4;1205;Гидрохлортиазид;1;5;6;1;
лозап плюс;лозап плю|лозап плюс|лозап- плюс|лозап плюяс|лозап-плюс|лозап-полюс|лозапртан плюс;812;0,5;150;Лозартан + гидрохлортиазид;1;7;3;2;
калчек;к алчек|калче|каочек|качек|келчек|колчек|калчек;768;2,5;10;Амлодипин;1;4;6;2;
ацетилсалициловая кислота;ацетилсалициловая кислота|ацетилсалициловая к-та|ацетилсалициловой кислоты|ацетилсалициловой к-ты|ацетилсалициловую к-ту|ацетисалициловой к-ты|дезагреганты|аск;755;50;500;Ацетилсалициловая кислота;2;8;6;3;1
хартил;харатил|харитл|харти 25|хартил|хпртил;752;1,25;50;Рамиприл;1;2;6;1;
леркамен;лекармен|лекрамен|леракамен|леркаимен|леркамен;734;2,5;40;Лерканидипин;1;4;6;1;
индапамид ретард;идапамид - ретард|идапамид-ретард|инадпами-ретард|индамид-ретард|индампамид-ретард|индапаимд-ретард|индапамид - рет|индапамид - ретард|индапамид реатард|индапамид -реатрд|индапамид рет|индапамид -рет|индапамид ретард|индапамид -ретард|индапамид- ретард|индапамид ретард 1|индапамид ретирд|индапамид0ретард|индапамид-ратерд|индапамид-рет|индапамид-ретад|индапамид-ретард|индапамид-ретардт|индапамилд ретард|индапами-ретард|индапмид-ретард|индап-рет|индопамид ретард|индопамид-ретард|индпамид ретерд|итндапамид-ретард;715;0,625;5;Индапамид;1;5;6;3;
диротон;диратон|диритон|диротон|диртоно|доротон|дротон|диротона;687;1,25;160;Лизиноприл;1;2;6;1;
престанс;перстанс 10|перстанс 5|пренстанс 5|пресанс 5|престанас 10|престанс|престенс 10|пркстанс 5|престанса|претанс;683;4;160;Периндоприла аргинин + амлодипин;1;7;2;2;
вальсакор;валсакар|валсакор|валсакор н|валсакор нд|вальсакар|вальсаклор|вальсакор|вальсакор-кор|вальсакорн|вальсакор-н|вальсакором|вальсаокр|вальскакор|вальскор|вальсокор|вальссакора|вальтсакор|вольсакор;682;10;320;Валсартан;1;3;6;2;
атаракс;атаркс|аоаракс|атаракс|-атаракс|ататракс|аторакс|атаракс;648;0,025;250;Гидроксизин;2;8;6;1;7
бидоп;бидоп|битоп|бодип|бтдоп|дибоп|бидопом;632;1,25;200;Бисопролол;1;1;6;2;
эналаприл;эналапрал|эналаприол|эналапрл|эналарпил|эналаприл|энпаларил;608;1,25;160;Эналаприл;1;2;6;3;
розукард;рзукард|розкард|розокард|розуард|розукапрд|розукард|розукарт|рохукард|розукарда;563;5;40;Розувастатин;2;8;6;2;2
торасемид;торасемид|торосемид|торсемид|торасемида;556;1,25;20;Торасемид;1;5;6;3;
соталол;солталол|соталал|сотало|сотаолол|сотелол|сотолол|моталол|соталол;523;20;160;Соталол;2;8;6;3;6
нифекард хл;нефекард хл|нифекаорд хл|нифекард|нифекарл хл|нифекаррд хл|нифекрд хл по|нифкеард хл|хифекард хл|нифекард xl|нифекард хл|нефикард;514;5;120;Нифедипин;1;4;6;2;
карведилол;каведилол|карвделол по|карфедилол 12|карведилол|карведилола|корведилол;509;1,5;125;Карведилол;1;;6;3;9
ко-ренитек;ко-рентиек 12|ко-ренетек|коренитек|ко-ренитек|ко-ретинек|кор-ренитек;488;0,4;160;Гидрохлортиазид + Эналаприл;1;7;1;1;
кораксан;караксан|коракан|кораксан|кораксана|кораксани|короксан|корраксан;484;2,5;120;Ивабрадин;2;8;6;1;11
конкор кор;кокнор-кор|конккор- кор|конко-корр|конкор-кор|конкор-кор 2|конокор-кор|конокр-кор|конор-кор|коркор-кор;469;1,25;25;Бисопролол;1;1;6;1;
роксера;розсера|рокера|роксара|роксеар|роксела|роксера|роксерра|ролксера|роскера|раксера|роксеры;453;2,5;500;Розувастатин;2;8;6;2;2
локрен;локре|локтен|локрен|локрен т;448;1,25;30;Бетаксолол;1;1;6;1;
кордарон;кардерон|корадрон|корадрона|корарон|кордарон|кордарон по|кордарона|кордароном|кордаррон;445;0,2;400;Амиодарон;2;8;6;1;6
симвастатин;симавтатин|симвасатин|симватитан|симватстаин|9симвастатин|сивастатин|сивмастатин|симавастатин|симвастанин|симвастатаин|симвастатин|симвастатин hemofarm|симвастатина|симвастатинн|симвастатины|симвастатины ваз|симвастатины -ваз|симвастатитин|симвастатн|симвастатни|симвастстанин|симвасттаин|синвастатин;442;0;120;Симвастатин;2;8;6;3;2
эксфорж;экстфорж 5|эксфорж|экфорж 10|экфорж 5|эсфорж 80|экскорди|эксфордж|эксфоржа|эксфрж|экфорж;419;2;160;Амлодипин + Валсартан;1;7;4;1;
грандаксин;грандоксин|градндаксин|гранаксин|грандаксин|грандаскин;416;0,05;50;Тофизопам;2;8;6;1;7
соталекс;соатлекс|соталекс|сотелекс|сотелкс|сотлекс|сотолекс|сталекс|стоалекс;414;12;160;Соталол;2;8;6;1;6
энап;энап;414;1,25;25;Эналаприл;1;2;6;2;
лизиноприл;лизинопрл|лизинопррил|лизинороил|лизиноприл;403;1,25;50;Лизиноприл;1;2;6;3;
зокор;зоклр|закор|зокор|зокора;402;5;120;Симвастатин;2;8;6;1;2
микардис;дикардис|микардис|микарждис|микарис по|миокардис;398;3,75;160;Телмисартан;1;3;6;1;
метопролола сукцинат;етопролола сукцинат|меопролол сукцинат|меопролола сукцинат|метопрол сукцинат|метопрола сукцинат|метопролоа сукцинат;390;2;150;Метопролол;1;1;6;2;
моксонидин;моксинедин|моксинидин|моксинидн|моксионидин|москонидин|моксониджин|моксонидин|моксонидина;383;0,02;400;Моксонидин;1;6;6;3;
аспирин;аспирин|асприн;379;0,125;500;Ацетилсалициловая кислота;2;8;6;3;1
альбарел;акльбарел|албарел|альбарал|альбаре|альборел|альбпрел|амльбарел|альбарел;375;0,1;10;Рилменидин;1;6;6;1;
метопролол;матепролол|метапролол|метиопролол|метопролл|метопролог|метопролол|метопроол|метпролол|метропролол;375;2,5;100;Метопролол;1;1;6;3;
верапамил;верагалид|верапамол|верапимил|венрапамил|вепапамил|верапамил|верапамил т|верапамила|верапамилг|верапамин|веропамил;364;5;240;Верапамил;1;4;6;3;
моноприл;моноприл;362;2;50;Фозиноприл;1;2;6;1;
изоптин;изопитин ср|изопнит ср|изопртин ср|изоптин|изотин|изоптин ср|изоптина ср;360;5;360;Верапамил;2;8;6;1;12
l-тироксин;тироксин|lтироксин|л-тироксин;357;5;200;Левотироксин натрия;2;8;6;2;
экватор;экаатор 10|экватор|эксатор;355;2,5;1020;Амлодипин + Лизиноприл;1;7;2;1;
рамиприл;рамиприл|рамиприла|рамирил;349;1,25;160;Рамиприл;1;2;6;3;
равел ср;рвел ср|рпвел ср|равел ср;348;1,4;5;Индапамид;1;5;6;2;
акрипамид ретард;акрипамид ретард|акрипамид- ретард;337;1,5;1,5;Индапамид;1;5;6;2;
нолипрел;нолипрел|нолоипрел|нолпирел;336;0,2;80;Периндоприл + индапамид;1;7;1;1;
ионик ретард;ионик ретард;334;1,5;1,5;Индапамид;1;5;6;2;
козаар;казаар|клзаар|козаар|ко-заар|коззар|козаара;331;6,25;100;Лозартан;1;3;6;1;
плавикс;плавикс|плависк|плавкис;328;75;75;Клопидогрел;2;8;6;1;1
тригрим;ригрим|тигрим|тригим|тринрим|тригрим;324;1,25;50;Торасемид;1;5;6;2;
валз н;валз н|валз -н|валз т|валзн|валз-н|валс н|валс плюс|выалсаж|валсаж;314;12;180;Валсартан + гидрохлоротиазид;1;7;3;2;
моночинкве;мночинкве|моночиенкве|моночикве|моночинве|моночинвке|моночинкве|моночинквэ|моночинке|моночинккве|моночнинкве|мончинкве|мроночинкве;309;2;60;Изосорбида мононитрат;2;8;6;2;3
клопидогрел;клопидогель|клопидогерль|клопидограль|клопидогредль|клопидогрел|клопидогрль|клопидолгрель|клопидопрель|клопилогрель|клопиогрел|клопидогрель;305;75;75;Клопидогрел;2;8;6;3;
розулип;розулин|розулип;305;5;40;Розувастатин;2;8;6;2;2
индап;идап|индап|ипдап;301;1,5;10;Индапамид;1;5;6;2;
биол;било|биол|биорл;299;1,25;25;Бисопролол;1;1;6;2;
трайкор;трайкар|крайкор|трайкоор|трайкор|трайкора;297;5;175;Фенофибрат;2;8;6;1;9
прадакса;прадкса|пдадакса|прадакс|прадакса|прадакса т|прадаксу|прадаксы|продакса|прокадакса;293;75;1010;Дабигатрана этексилат;2;8;6;1;5
тевастор;теватор|тевостор|тевастолр|тевастор;279;5;40;Розувастатин;2;8;5;2;2
эгилок ретард;эгилое ретард|эгилок рет|эгилок ретарб|эгилок ретард|эгилок -ретард|эгилок- ретард|эгилок ретард т|эгилока-ретарда|эгилок-рет|эгилок-ретард|эгило-ретард|эгтлок-ретард|эилок- ретард;276;5;150;Метопролол;1;1;6;2;
нипертен;непертен|непиртен|ниперт ен|нипертен|нипертон|ниперетен;276;1,25;200;Бисопролол;1;1;6;2;
кардикет;кардикет|кардикеьт|кардиокет|карикет;273;2,5;490;Изосорбида динитрат;2;8;6;2;3
омакор;амакор|омаккор|омакор/ ;272;10;10000;Омега-3 триглицериды;2;8;6;1;10
моксогамма;иоксогамма|мксогамма|мокосогамма|моксогамма|моксогамму|монксогамму|морксогамма|моксонигамма;270;0,02;400;Моксонидин;1;6;6;2;
омепразол;омепрозл|омепрозоз|омепрозол|омепразал|омепразаол|омепразол|рабепразол;264;10;40;Омепразол;2;8;6;3;13
ксарелто;ксарелта|ксарелто|кспарелто|ксралето;262;2,5;90;Ривароксабан;2;8;6;1;5
дилатренд;дилатренд|дилетренд;259;1,5;125;Карведилол;1;;6;1;9
омез;омез;253;10;40;Омепразол;2;8;6;2;13
сиофор;сиофор|сифор|сиофар;244;4;5000;Метформин;2;8;6;2;14
мексикор;мексиколр|мексикор|мексикор т|месикор|мескикор;244;1;1000;Оксиметилэтилпиридина сукцинат;2;8;6;1;15
энап р;анапр;237;2,5;100;Эналаприл;1;2;6;2;
небиволол;nebivolol|небивовол|небиволол|невиболол|невилол|небивалол|небивалол т|небивалола|нибивалол;235;1,25;10;Небиволол;1;1;6;3;
зилт;зилт;235;0,4;75;Клопидогрел;2;8;6;2;1
пропанорм;поропанорм|пропанорм|пропаронм|пропнорм|пропранорм|прпанорм|прропанорм;223;50;300;Пропафенон;2;8;6;2;6
ранитидин;ранитидин|ранитидина;219;20;300;Ранитидин;2;8;6;3;16
лориста н;лдориста-н|лориста h|лориста н|лористан|лориста-н;210;5;160;Лозартан +гидрохлоротиазид;1;7;3;2;
ко-диован;ко-диаван|ко-диван|ко-диован;210;12,5;160;Валсартан + гидрохлоротиазид;1;7;3;1;
кардиаск;кардаск|карди аск|кардиакс|кардиаск|карди-аск|кардиаска|кардиоаск;210;50;100;Ацетилсалициловая кислота;2;8;6;2;1
милдронат;мидронат|милдонат|милдронад|милдронарт|милдронат|милдрпонат;205;5;500;Мельдоний;2;8;6;1;17
нолипрел форте;нолипрел форте|нолипрел -форте|нолипрел- форте|нолипрел-форте;204;0,2;100;Индапамид + периндоприл;1;7;1;1;
предуктал мв;предектал мв|предкутал мв|предуктал мв;200;35;250;Триметазидин;2;8;6;2;15
аллапинин;алаапинин|алапинин|аллапанин|аллапенин|аллапини|аллопинин|аллапинин;200;0,025;150;Лаппаконитина гидробромид;2;8;6;1;6
фуросемид;фкросемид|фурасемид|фуросемд|фуросемид|фуросемизд|фуросемил;191;0,02;160;Фуросемид;1;5;6;3;
пектрол;пектол|пекторл|пекторол|пектрол|петкрол|петрол;188;20;60;Изосорбида мононитрат;2;8;6;2;3
аспирин кардио;асипирин кардио|аспирирн-кардио|аспмрин-кардио|аспирин-кардио;187;75;100;Ацетилсалициловая кислота;2;8;6;1;1
перинева;перенева|перинева|пренева;183;1;10;Периндоприл;1;2;6;2;
эутирокс;эутиреокс|эутирерокс|эутирокс|эутироксина;180;5;200;Левотироксин натрия;2;8;6;1;8
дилтиазем;дилтиазеи|дилтиазем|дилтиазиам|дилтьиазем|дильтазем|дильтиазем|дитиазем|алтиазем|алтиазем рр|диалтиазем|диазем;179;5;240;Дилтиазем;2;8;6;3;12
эгитромб;эгиромб|эгитром|эгтромб|энитромб|эгитромб;179;75;75;Клопидогрел;2;8;6;2;1
акридил;акридил;176;3,125;125;Карведилол;2;8;6;2;6
моксонитекс;моксинитекс|моксонитек|моксонитекс|моксонитекса|моксонитенз|моксонтекс;172;0,2;400;Моксонидин;1;6;6;2;
сиднофарм;сидноварм|сиднофам|сиднофапрм|сиднофарим|сиднофарм|сиднофрм|сидноффарм|сиднфарм|синдрофарм;167;0,2;12;Молсидомин;2;8;6;1;3
гидрохлортиазид;гидрохлоратиазид 50|гидрохлоротиазид|гидрохлортиазид|гидрохлотиазид|гидрохрортиазид 25|гидрохрортиазид 50|гидрохротиазид 50|гидрохрохлортиазид|гипдрохлортиазид|гипохлортиазид|гидрохлоратиазид;167;2,5;160;Гидрохлортиазид;1;5;6;3;
моночинкве ретард;монолчинкве-ретард|моночикве-ретард|моночинкве - рет|моночинкве - ретард|моночинкве ретард|моночинкве -ретард|моночинкве- ретард|моночинкве ретард|моночинкве-рет|моночинкве-ретард;166;40;50;Изосорбида мононитрат;2;8;6;2;3
фелодип;фелодип|феоодип;165;2,5;10;Фелодипин;1;4;6;2;
ралеф;равел;158;1;500;Лефлуномид;2;8;6;1;18
ко-эксфорж;ко экс форж|ко-эксфож 12|ко-экфорж|ко- эксфорж|коэксфорж|ко-эксфорж|ко-эксфоржа|ко-экфсорж;158;5;160;Амлодипин + Валсартан + Гидрохлоротиазид;1;7;7;1;
беталок;беталок|беталока;156;12,5;200;Метопролол;1;1;6;1;
атаканд;атакан|атакард|атакатнд|атаканд;155;0,4;32;Кандесартан;1;3;6;1;
аккупро;акккупро|аккуппро|аккупр|акупро|а аккупро|аккупро;154;1,25;80;Хинаприл;1;2;6;1;
доксазозин;дксазозин|докзазозин|доксазазин|доксазин|доксазозин|доксакзозин|доксапзозин|доксозазин|доксазозина;153;0,2;16;Доксазозин;1;10;6;3;
эбрантил;курантил|эбранил|эбрантил;143;0,025;75;Урапидил;1;10;6;1;
вальсакор н80;вальсакор - н|вальсакор hd|вальсакор н|вальсакор -н|вальсакор нд|вальсокор н;141;12,5;160;Валсартан + гидрохлоротиазид;1;7;3;2;
мексидол;мексидол|мексикдол;141;0,125;250;Этилметилгидроксипиридина сукцинат;2;8;6;1;15
симвастол;симвасатол|сивастол|симвастол|симвастола|сомвастол;139;5;40;Симвастатин;2;8;6;2;2
нортиван;нортиван|нотиван;134;20;160;Валсартан;1;3;6;2;
кординорм;кардинорм|крдинорм|кординиорм|кординорм|кордионорм|корлдинорм;130;1,25;40;Бисопролол;1;1;6;2;
пропафенон;пропафенон|пропофенон;126;75;600;Пропафенон;2;8;6;3;6
допегит;допегид|допегит|допигит|допегита;126;0,025;750;Метилдопа;1;11;6;1;
лопирел;лапирел|лдопирел|лоперел|лопигрель|лопирел|лопирл|лорирел;123;75;75;Клопидогрел;2;8;6;2;1
бетасерк;бестасерк|бетасерк|бетесерк;123;8;25;Бетагистин;2;8;6;1;19
дигоксин;дигоксимн|дигоксин;121;2,50E-05;250;Дигоксин;2;8;6;3;20
ритмонорм;ритманорм|ритмонорм|роимонорм|ритминорм;121;75;150;Пропафенон;2;8;6;1;6
берлиприл 5;берлипирл|берлиприл;120;1,25;25;Эналаприл;1;2;6;2;
бритомар;бри томар|бритамар|бритомар;120;2,5;90;Торасемид;1;5;6;1;
карнитен;карветренд;119;3,125;125;Левокарнитин;2;8;6;1;17
кардура;кадура|кардира|кардура|кардуре|кардуру|кордура|кордуры;117;0,2;8;Доксазозин;1;10;6;1;
обзидан;обзаидан|обзидан;117;20;40;Пропранолол;2;8;6;2;6
арифон;арифон;115;1,25;50;Индапамид;1;5;6;1;
лерканидипин;леркандипин|лерканедипин|лерканидепин|лерканидин|лерканидипин;112;5;40;Лерканидипин;1;4;6;;
аккузид;аккузид;111;5;25;Хинаприл + гидрохлоротиазид;1;7;1;1;
тритаце;тратице|тритаце|тритацие;110;1,25;20;Рамиприл;1;2;6;1;
триметазидин;триметаздин|триметазиин|триметазидин;110;2;70;Триметазидин;2;8;6;3;
фенибут;phenybut|фегибут|фенибут;109;0,25;250;Аминофенилмасляная кислота;2;8;6;2;21
амлотоп;амлолотоп|амлотоп;107;2,5;10;Амлодипин;1;4;6;2;
фозикард;физикард|фозикард;104;2;40;Фозиноприл;1;2;6;2;
глюкофаж;ггюкофаж|глюкофаж;104;250;1500;Метформин;2;8;6;1;14
корвитол;корвитол;103;2,5;100;Метопролол;1;1;6;2;
кордафлекс рд;кодафлекс рд|кордавлекс ретард|кордафлекс - ретард|кордафлекс xl по|кордафлекс рд|кордафлекс ретард|кордафлекс -ретард|кордафлекс- ретард|кордафлекс-рд|кордафлекс-рет|кордафлекс-ретард|кордафлес ретард|кордафлкс- ретард;100;10;60;Нифедипин;1;4;6;2;
аллопуринол;аллапуринол|аллоопуринол|аллопупмнол|аллопуринол;99;50;500;Аллопуринол;2;8;6;3;22
эзетрол;эзетрол|эзитрол|ээетрол;97;10;20;Эзетимиб;2;8;6;1;10
ультоп;льтоп;94;10;40;Омепразол;2;8;6;2;13
метформин;метофрмин|метформин;94;2;1500;Метформин;2;8;6;3;10
симгал;симгал|ситмгал;93;5;40;Симвастатин;2;8;6;2;2
карвидил;карвед|карвидил;91;3,125;125;Карведилол;2;8;6;2;6
эскорди кор;s- кордикор|s-кордикор|экскор|экскордикор|эксорди|эксорди-|эксордикор|эксоркдикор|эс корди кор|эс кордикор|эс -коркордикор|эскорди кор|эскордикор|эс-кордикор|эскоридикор;90;1,25;25;Левамлодипин;1;4;6;1;
нистатин;статин;90;5;20;Нистатин;2;8;6;3;23
кардосал;кардиосал|кардисал|кардосал|кардосан|кадосал;87;5;80;Олмесартан;1;3;6;2;
спиронолактон;спирналактон|спиронолактно|спиронолактон|спиронолоктон|спирронолактон;87;12,5;200;Спиронолактон;2;8;6;3;4
лодоз;лодоз;85;2,5;12,5;Бисопролол + гидрохлоротиазид;1;7;8;2;
тензотран;ензотран|тензатрон|тензотран|тензторан|тенозотран;84;0,2;400;Моксонидин;1;6;6;2;
теветен;таветен|теватен|теветен|теветнен;80;12,5;600;Эпросартан;1;3;6;1;
фозиноприл;фозиноприл;80;2;40;Фозиноприл;1;2;6;3;
апровель;апрвель|апровель|арпвель;80;12,5;300;Ирбесартан;1;3;6;1;
гизаар;гизаар|гизоар|гиззаар;76;12;100;Лозартан + гидрохлортиазид;1;7;3;1;
симвагексал;сивагексал|симавагексал|симвагексакл|симвагексал|симвагексла|симвогексал|сисвагексал;75;10;40;Симвастатин;2;8;6;2;2
кориол;кориол;73;3,125;125;Карведилол;1;9;6;2;
кадуэт;кадует 10|кадует 5|кадуэт|кадуэта;73;5;10;Аторвастатин + амлодипин;1;7;9;1;
нольпаза;нолпаза|нольпаза;72;20;40;Пантопразол;2;8;6;1;13
аспикор;аспекор|аспикор;71;50;150;Ацетилсалициловая кислота;2;8;6;2;1
коринфар;коринфапр|коринфар|коринфара|коринфор|коринфцар;71;10;25;Нифедипин;1;4;6;2;
амлодифарм;амлодифарм;70;2,5;10;Амлодипин;1;4;6;2;
каптоприл;каптопил|каптоприл;70;5;50;Каптоприл;1;2;6;3;
ко-диротон;ко-диротон;67;2,5;25;Лизиноприл + гидрохлоротиазид;1;7;1;1;
лозарел;лазорел|лозарел;66;5;160;Лозартан;1;3;6;2;
предуктал;предтал|предуктал|птедуктал;65;35;500;Триметазидин;2;8;6;1;15
амзаар;амзаар;65;5;100;Амлодипин + лозартан;1;7;4;2;
этацизин;этацизин|а этацизина;64;25;100;Этацизин;2;8;6;1;6
эстулик;эстулик;63;0,5;3;Гуанфацин;1;11;6;1;
ивабрадин;ивабрадин|ивобрадин;61;2,5;7,5;Ивабрадин;2;8;6;1;11
атенолол;ателонолол|атеноло;60;10;100;Атенолол;1;1;6;3;
амловас;амловас|амлодвас;57;2,5;10;Амлодипин;1;4;6;2;
микардисплюс;микардис плюс;57;10;160;Телмисартан + гидрохлоротиазид;1;7;3;1;
расилез;расилез|расилес|разилес;57;100;300;Алискирен;1;12;6;1;
пирамил;пиромил|пирамид|пирамил|прирамил;57;1,25;20;Рамиприл;1;2;6;2;
бинелол;binelol|бенелол|бенилол|бинелол|бинилол;55;1,25;10;Небиволол;1;1;6;2;
энам н;энап н|энапн;54;2,5;25;Эналаприл + гидрохлоротиазид;1;7;1;2;
изоптин ретар;изоптин - ретар|изоптин - ретард|изоптин - -ретард|изоптин ретард|изоптин -ретард|изоптин- ретард|изоптин-ретард;53;240;240;Верапамил;2;8;6;1;12
лизинотон;лизинотон|лизитон;52;2,5;20;Лизиноприл;1;2;6;2;
розарт;розард|розарт|зорарт;52;5;50;Розувастатин;2;8;6;2;2
верапамил-ср;верапимл ср|верапамил ср|веропамил ср;50;120;240;Верапамил;2;8;6;3;12
капозид;капозид;50;25;25;Каптоприл;1;2;6;2;
метозок;метазок|метозок|мотозок;50;6,25;100;Метопролол;1;1;6;2;
аспинат;аспинат;48;50;100;Ацетилсалициловая кислота;2;8;6;2;1
триттико;тритикко|тритико|триттико;48;12,5;500;Тразодон;2;8;6;1;18
ко-перинева;ко-перинова 4|ко-перинева;48;0,625;250;Индапамид + периндоприл;1;7;1;2;
корвадил;корвадил;47;2,5;10;Амлодипин;1;4;6;2;
омелар кардио;омелар кардио;47;2,5;10;Амлодипин;1;4;6;2;
кордафлекс;кардафлекс|кардофлекс|кордафлек|кордафлекс|кордафлекса;43;10;40;Нифедипин;1;4;6;2;
лориста нд;лориста hd|лориста -hl|лориста нd|лориста нд|лориста-нд;40;12,5;100;Гидрохлоротиазид+лозартан;1;7;3;2;
адаптол;адаптол;40;50;500;Тетраметилтетраазабициклооктандион;2;8;6;1;7
нифедипин;нефидипин|нифедипин|нифидепин|нифидипин;40;0,1;60;Нифедипин;1;4;6;3;
ривароксабан;ривароксабан|ривароскабан;38;10;20;Ривароксабан;2;8;6;3;5
магнерот;магнерот|магенрот;37;100;1000;Магния оротат;2;8;6;1;25
амиодарон;амиодарон;37;100;200;Амиодарон;2;8;6;3;6
этилметилгидроксипиридина сукцинат;оксиметилэтилпиридина сукцинат|этилметилгидроксипиридина сукцина|этилметил-гидроксипиридина сукцинат;37;1;125;Этилметилгидроксипиридина сукцинат;2;8;6;3;15
аркоксиа;акоксиа|аркоксиа|аококсиа;36;60;120;Эторикоксиб;2;8;6;1;26
кордипин;кардипин|нордипин|кордипин;36;0,4;40;Нифедипин;1;4;6;2;
метокард;метакард|метокард;36;12,5;100;Метопролол;1;1;6;2;
симвакард;сивакард|симвакард;35;10;100;Симвастатин;2;8;6;2;2
вергалид;вергалид ср|верогалид;34;120;240;Верапамил;2;8;6;2;12
париет;париет|париэт;34;10;20;Рабепразол;2;8;6;1;13
панангин;панангин|панагина|панангина|раствор панангина;33;10;1000;Калия и магния аспарагинат;2;8;6;1;25
маример;например;33;2,5;50;Морская вода;2;8;6;1;27
блоктран;блоктар|блоктран;33;0,2;100;Лозартан;1;3;6;2;
диабетон;диабетон;33;3;1000;Гликлазид;2;8;6;1;14
занидип;занедип|занидип;32;10;20;Лерканидипин;1;4;6;2;
дабигатран;дабигатран|дабигтран;32;110;150;Дабигатрана этексилат;2;8;6;3;5
эфокс;эфокс;31;10;50;Изосорбида мононитрат;2;8;6;1;3
таллитон;талитон|таллитон;31;3,125;25;Карведилол;1;9;6;2;
диакарб;диакарб|диакард|диокарб;31;0,25;250;Ацетазоламид;1;5;6;1;
варфарекс;варфарекс|варфрарекс;30;1;7,5;Варфарин;2;8;6;2;5
мидокалм;медакалм|медокалм|мидокалм;30;50;250;Мидокалм;2;8;6;3;29
эликвис;эликвис;30;2,5;5;Апиксабан;2;8;6;1;5
тенорик;тенорик;29;5;125;Атенолол + хлорталидон;1;7;8;1;
амарил;амарил;29;1;6;Глимепирид;2;8;6;1;14
карведигамма;карведигамма;29;5;25;Карведилол;1;9;6;2;
вальдоксан;вальдаксан|вальдоксан;29;0,025;160;Агомелатин;2;8;6;1;18
тарка;тарка;28;2;240;Верапамил + трандолаприл;1;7;10;1;
кордипин ретард;кардикет ретард|кардикет- ретард|кардикет-ретард|корватон ретард|кордипин рет|кордипин ретард|кордипин -ретард|кордипин-ретард|нефидипин ретард;28;4;60;Нифедипин;1;4;6;2;
нитросорбид;изосорбид|нитросорбид|нитросорбит;28;10;60;Изосорбида динитрат;2;8;6;2;3
листаб;листаб;28;75;75;Клопидогрел;2;8;6;2;1
лескол;лескол;26;1;80;Флувастатин;2;8;6;1;2
коринфар ретард;каринфар ретард|коринфар рет|коринфар ретард|коринфар -ретард|коринфар-рет|коринфар-ретард;25;10;30;Нифедипин;1;4;6;2;
корвалол;корвалол|корвалола|корватол;24;10;150;Мяты перечной листьев масло + Фенобарбитал+ Этилбромизовалерианат;2;8;6;1;46
моново;моново;24;0,3;160;Мометазон;2;8;6;1;31
омега-3;омега 3|омега -3|омега3|омега-3;;;;;;;;;
омега-6;омега 6 ;24;50;1000;;;;;;
кардил;кардил;23;2,5;120;Дилтиазем;2;8;6;1;12
энзикс;энзикс;23;1;20;Эналаприл+индапамид;1;7;1;2;
молдамин ;молсидамин|молсидомин;23;0,2;8;Молсидомин;2;8;6;3;3
апиксобан;апиксабан|апиксобан;23;2,5;5;Апиксабан;2;8;6;3;5
детралекс;детралекс|детракс;22;300;600;Диосмин в комбинации с другими;2;8;6;1;30
симло;симло|симпо;22;10;40;Симвастатин;2;8;6;2;2
мовалис;мовалис;22;1,5;30;Мелоксикам;2;8;6;1;26
тирозол;тирозол|тиразол;22;2,5;30;Тиамазол;2;8;6;2;8
лизоретик;лизоретик|лизретик|лозоретик;21;5;20;Гидрохлоротиазид + лизиноприл;1;7;1;2;
атаканд плюс;атаканд плюс;21;4;32;Кандесартан+гидрохлоротиазид;1;7;3;1;
трентал;трентал;21;2;400;Пентоксифиллин;2;8;6;1;32
дуплекор;дуплекор|дупликор;21;5;20;Амлодипин+аторвастатин;1;7;9;1;
амлодил;амлодип;20;2,5;10;Амлодипин;1;4;6;2;
симвор;симвор;20;10;20;Симвастатин;2;8;6;2;2
эдарби;эдарби;20;20;80;Азилсартана медоксомил;1;3;6;1;
реникард;реникард;19;30;60;Лозартан;1;3;6;2;
инеджи;инеджи;19;10;20;Симвастатин + эзетимиб;2;8;6;1;10
нексиум;нексиум;19;20;40;Эзомепразол;2;8;6;1;13
де-нол;де нол|де- нол|денол|де-нол;18;20;240;Висмута трикалия дицитрат;2;8;6;1;33
берестин;берлитин|берлитион;18;150;600;Деготь березовый;2;8;6;1;28
липантил;липантил;18;150;200;Фенофибрат;2;8;6;1;10
эглонил;эглонил;18;50;200;Сульпирид;2;8;6;1;34
гептрал;гептрал;18;200;800;Адеметионин;2;8;6;1;35
небиватор;nebivator|небиватор;18;1,25;5;Небиволол;1;1;6;2;
метилдопа;метилдопа;18;250;500;Метилдопа;1;11;6;3;
липоевая кислота;циловая кислота;18;50;100;Тиоктовая кислота;2;8;6;1;35
стимулотон;стимулатон|стимулотон;17;50;50;Сертралин;2;8;6;2;18
овенкор;овенкор|овенкора;17;10;20;Симвастатин;2;8;6;2;2
дилтиазем ретард;дилтиазем ретард|дилтиазем-ретард|дилтиазием-ретард|дилтизам ретард;16;30;240;Дилтиазем;2;8;6;3;12
фгдс;фгдс;16;50;300;;;;;;
корди кор;корди кор|корди- кор|кордикор|кородикор|экордикор;16;2,5;45;Амлодипин;1;4;6;2;
найз;найз;16;20;200;Нимесулид;2;8;6;2;26
плагрил;плагил|плагрил|плакгрил;16;75;75;Клопидогрел;2;8;6;2;1
нифедипин ретард;нифедипин ретард|нифедипин -ретард|нифедипин- ретард|нифедипин-ретард;16;20;40;Нифедипин;1;4;6;3;
гоптен;гоптен;15;2;4;Трандолаприл;1;2;6;1;
ципралекс;ципралекс|ципролекс;15;10;50;Эсциталопрам;2;8;6;1;18
нимесил;немисил|нимесил;15;100;100;Нимесулид;2;8;6;2;26
ципрофлоксацин;ципрофлоксацин;15;250;500;Ципрофлоксацин;2;8;6;3;36
фолиевая кислота;фоливая кислота|фолиевая кислота|фолиевая к-та;15;0,005;10;Фолиевая кислота;2;8;6;3;25
сорбифер;сорбифер;15;20;800;Железа сульфат + аскорбиновая кислота;2;8;6;1;25
атомакс;атомакс;15;10;20;Аторвастатин;2;8;6;2;2
нолипрел а би-форте;нолипрел - би форте|нолипрел а би- форте|нолипрел -би форте|нолипрел бифорте|нолипрел-би-форте|нолипрел би форте;15;1;20;Периндоприла аргинин + индапамид;1;7;1;1;
магне b6;магний в 6|магний в5|магний в6|магния в 6|магния в6|магне в 6|магнев 6;15;100;500;Магния лактат + пиридоксин;2;8;6;1;25
валсартан н;валсартан н|валсартен н|вальсартан н;15;12,5;160;Валсартан;1;3;6;3;
золофт;золофт|зофолт;14;25;50;Сертралин;2;8;6;1;18
кардионат;кардионат;14;250;250;Мельдоний;2;8;6;2;17
од-неб;од-неб|от-неб;14;5;7,5;Небиволол;1;1;6;2;
тридукард;тридукард|тридурд;14;35;35;Триметазидин;2;8;6;2;15
моэкс;моэкс;13;7,5;15;Моэксиприл;1;2;6;1;
вазокет;вазокегт|вазокет;13;600;600;Диосмин;2;8;6;1;19
ибупрофен;ибупрофен;13;1;800;Ибупрофен;2;8;6;3;26
ионик;ионик|иониу;13;1,5;5;Индапамид;1;5;6;2;
эднит;эднит;13;2,5;10;Эналаприл;1;2;6;2;
преднизолон;преднизолн|преднизолон;13;2,5;30;Преднизолон;2;8;6;3;31
моносан;моносан;13;20;40;Изосорбида мононитрат;2;8;6;2;3
акорта;акорта;13;5;20;Розувастатин;2;8;6;2;2
вамлосет;вамлосет;13;5;160;Амлодипин + валсартан;1;7;4;2;
сералин;сертралин;12;50;50;Сертралин;2;8;6;3;18
квамател;квамател|кваметел;12;20;40;Фамотидин;2;8;6;1;16
актовегин;актовегин;12;5;200;Актовегин;2;8;6;3;15
моно мак;мономак;12;20;40;Изосорбида мононитрат;2;8;6;2;3
глиат;глиат;12;0,4;400;Холина альфосцерат;2;8;6;2;21
зофеноприл;зофеноприл;11;7,5;30;Зофеноприл;1;2;6;3;
амоксиклав;амоксиклав;11;125;1000;Амоксициллин+клавулановая кислота;2;8;6;1;36
пентоксифиллин;пентоксифеллин|пентоксифиллин;11;100;400;Пентоксифиллин;2;8;6;3;32
бетаксолол;бетаксолол|бетаксолола;11;5;20;Бетаксолол;1;1;6;3;
серлифт;серлифт;11;50;50;Сертралин;2;8;6;2;18
твинста;твинста;11;5;80;Амлодипин+телмисартан;1;7;4;1;
амоксициллин;амоксициллин;10;250;500;Амоксициллин+клавулановая кислота;2;8;6;3;36
логимакс;логимакс;10;5;47,5;Метопролол+фелодипин;1;7;5;1;
остеогенон;остеогенон;10;0,625;50;Оссеин-гидроксиапатитное соединение;2;8;6;1;17
омник;оиник|омник;10;0,4;5;Тамсулозин;1;10;6;1;
трилептал;трилептал|тримектал;10;35;300;Окскарбазепин;2;8;6;1;37
леривон;леривон;10;30;30;Миансерин;2;8;6;1;18
формин плива;формин плива|формин-плива;10;850;1000;Метформин;2;8;6;2;14
зоксон;зоксон|зоксона;10;2;6;Доксазозин;1;10;6;2;
фозинотек;фозинотек;10;5;20;Фозиноприл;1;2;6;2;
метипред;мети- пред|метиперд|метипред;9;4;8;Метилпреднизолон;2;8;6;2;31
урсосан;уросан|урсосан;9;50;250;Урсодезоксихолевая кислота;2;8;6;2;35
спирива;спирива;9;18;500;Тиотропия бромид;2;8;6;1;38
тиоктацид бв;тиоктацид;9;150;600;Тиоктовая (альфа-липоевая) кислота;2;8;6;1;25
орсотен;орсотен|осотен;9;120;120;Орлистат;2;8;6;2;10
метотрексат;метатрексат|метотрексат;9;5;20;Метотрексат;2;8;6;3;39
эринит;эринит;9;1;10;Пентаэритритила тетранитрат;2;8;6;2;3
празозин;празозин;9;1;2;Празозин;1;10;6;3;
дилапрел;делапрела|дилапрел;9;0,625;50;Рамиприл;1;2;6;2;
лансопразол;пантопрозол|пантопаразол|пантопразол;9;20;20;Лансопразол;2;8;6;3;13
коронель;коронель;9;10;30;Никорандил;2;8;6;2;11
ирузид;ирузид;9;12,5;20;Гидрохлоротиазид + лизиноприл;1;7;1;2;
ранекса;ранекса;9;500;500;Ранолазин;2;8;6;1;11
паксил;паксил;8;20;20;Пароксетин;2;8;6;1;18
акридилол;акредилол|акридолол|акридрло;8;5;25;Карведилол;1;9;6;2;
мильгамма;мильгамма;8;1;2;Пиридоксин+тиамин+цианокобаламин;2;8;6;1;25
флебодиа;флебодиа;8;600;600;Диосмин;2;8;6;2;19
стамло м;стамло;8;2,5;10;Амлодипин;1;4;6;2;
энап-нл;энап hl|энапнл;8;2,5;12,5;Гидрохлоротиазид+эналаприл;1;7;1;2;
дексаметазон;дексаметазон|дексаметазона;8;0,5;1;Дексаметазон;2;8;6;3;31
галвус;галвус;8;50;1000;Вилдаглиптин;2;8;6;1;14
препидил;урапидил;8;30;60;Динопростон;2;8;6;1;40
кандекор;кандекор|кандикор|кардекор|кондекор;8;8;16;Гидрохлоротиазид+кандесартан;1;7;3;2;
фенофибрат;фенофибрат;8;145;145;Фенофибрат;2;8;6;3;10
феназепам;феназепам;7;0,001;1;Бромгидрохлорфенилбензодиазепин;2;8;6;1;7
эзетимиб;эзетимиб;7;10;10;Эзетимиб;2;8;6;3;10
энам;энам;7;2,5;10;Эналаприл;1;2;6;2;
кавинтон;кавинтон;7;2;200;Винпоцетин;2;8;6;1;41
ципрамил;ципромил|ципрамил;7;10;20;Циталопрам;2;8;6;2;18
корватон;корватон;7;2;4;Молсидомин;2;8;6;1;3
кордипин хл;кардипин хл|кордипин х|кордипин хл;7;10;40;Нифедипин;1;4;6;2;
клофелин;клофелин|клофеллин;7;0,075;75;Клофелин;1;11;6;3;
вазокардин;вазокардин|вазокордин;7;6,25;50;Метопролол;1;1;6;2;
данол;дано;7;10;50;Даназол;2;8;6;1;42
эфокс лонг;эфокс лонг;7;20;60;Изосорбида мононитрат;2;8;6;1;3
ацекардол;ацекардол;7;50;100;Ацетилсалициловая кислота;2;8;6;2;1
верапамил ретард;верапамил ретард|верапамил-ретард|верапил|верапамил;7;120;240;Верапамил;2;8;6;3;12
лаппаконитина гидробромид;лаппаконитина гидробромид;7;25;25;Лаппаконитина гидробромид;2;8;6;3;6
теночек;теночек;6;5;50;Амлодипин+атенолол;1;7;5;2;
индометацин;индометацин;6;50;50;Индометацин;2;8;6;3;26
акрипамид;акрипамид;6;2,5;5;Индапамид;1;5;6;2;
фенотропил;фенотропил;6;16;200;  N-карбамоилметил-4-фенил-2-пирролидон;2;8;6;1;21
ксеникал;ксеникал;6;120;120;Орлистат;2;8;6;1;10
мемоплант;мемоплант;6;40;80;Экстракт листьев Гинкго Билоба;2;8;6;1;19
финоптин;финоприн|финоптин|феноптин;6;40;160;Верапамил;2;8;6;2;12
рексетин;рексетин|рекситин;6;15;50;Пароксетин;2;8;6;2;18
ацц;асс|ацц;6;10;500;Ацетилцистетин;2;8;6;1;44
урдокса;урдокса;6;50;50;Урсодезоксихолевая кислота;2;8;6;2;35
ладастен;ладастен;6;50;100;Адамантилбромфениламин;2;8;6;1;45
инспра;инспра|инстпра;6;12,5;50;Эплеренон;2;8;6;1;4
ибертан;ирбетран|ибертан;6;150;150;Ирбесартан;1;3;6;2;
имован;имован;6;7,5;500;Зопиклон;2;8;6;1;46
никорандил;никорандил;6;10;30;Никорандил;2;8;6;3;11
предизин;предизин|президин;6;35;35;Триметазидин;2;8;6;2;15
лосек;лосек;5;20;40;Омепразол;2;8;6;1;13
адалат;адалат;5;5;60;Нифедипин;1;4;6;1;
лазикс;лазикс;5;20;60;Фуросемид;1;5;6;1;
глимепирид;глимепирид;5;2;4;Глимепирид;2;8;6;3;14
палин;палин|паллин;5;400;400;Пипемидовая кислота;2;8;6;3;36
пимидель;пимидель;5;400;400;Пипемидовая кислота;2;8;6;3;36
гизаар форте;гизаар форте;5;12,5;12,5;Лозартан+гидрохлортиазид;1;7;3;1;
гиоксизон;гидроксизин;5;12,5;25;Гидроксизин;2;8;6;3;7
тирез;тирез;5;2,5;10;Бисопролол;1;1;6;2;
ципробай;ципробай|ципробаф;5;250;500;Ципрофлоксацин;2;8;6;1;36
циметидин;рилменидин;5;1;1;Рилменидин;1;6;6;3;
прозерин;презедин;5;2;35;Прозерин;2;8;6;3;47
кларитромицин;кларитромицин;4;250;500;Кларитромицин;2;8;6;3;36
асентра;асентра;4;50;50;Сетралин;2;8;6;2;18
циннаризин;циннаризин;4;0,25;25;Циннаризин;2;8;6;3;41
танакан;танакан;4;40;40;Экстракт Гинкго Билоба;2;8;6;2;41
фамотидин;фамотидин;4;20;20;Фамотидин;2;8;6;3;16
глибомет;глибамед|глибомет;4;2,5;500;Глибенкламид+метформин;2;8;6;1;14
5-нок;5-нок|5- нок;4;1;50;Нитроксолин;2;8;6;2;36
витамин в12;vit в12|вит в12|витамин в12;4;1;500;Цианокобаламин;2;8;6;1;25
валсафорс;вальсафорс|вальсофокс;4;80;160;Валсартан;1;3;6;2;
хартил-д;хартил - д|хартил -д|хартил -н;4;5;5;Рамиприл+гидрохлоротиазид;1;7;1;2;
сирдалуд;сирдалуд|сирдалут;4;2;6;Тизанидин;2;8;6;1;29
энафарм;энафарм;4;2,5;10;Эналаприл;1;2;6;2;
тикло;тикло;4;250;250;Тиклопидин;2;8;6;2;1
манинил 5;манинил;4;3,5;5;Глибенкламид;2;8;6;1;14
саксаглиптин;саксаглиптин;4;5;5;Саксаглиптин;2;8;6;3;14
вазотенз;вазиотенз|вазотенз|вазотензом;4;30;50;Лозартан;1;3;6;2;
цифран;цефран|цифран;4;500;500;Цифран;2;8;6;2;36
ламитор;липитор;4;5;10;Ламотриджин;2;8;6;2;37
ново-пассит;ново пассит|новопассит;4;2,5;12,5;Экстракт ново пассита+ гвайфенезин;2;8;6;1;46
плаквенил;плаквенил;4;200;200;Гидроксихлорохин;2;8;6;1;48
флуоксетин;флуоксетин|флуокситин;4;0,02;20;Флуоксетин;2;8;6;3;18
вазилип;вазалип|вазидип|вазлип;4;10;20;Симвастатин;2;8;6;2;2
мерказолил;мерказолил;4;5;20;Тиамазол;2;8;6;2;8
монурал;монурал;4;400;500;Фосфомицин;2;8;6;1;36
диклофенак;диклофенак;4;3;100;Диклофенак;2;8;6;3;26
метапролол ретард;метапролол-ретард|метопрлол ретард|метопролол ретард|метопролол-ретард;4;25;100;Метопролол;1;1;6;3;
бетагистин;бетагестин|бетагистин;4;12;24;Бетагистин;2;8;6;3;32
кординик;кардиник|кординик;4;10;30;Никорандил;2;8;6;2;11
клацид;клацид;3;250;500;Кларитромицин;2;8;6;1;36
урсофальк;урсофальк|усрофальк;3;50;50;Урсодезоксифолиевая кислота;2;8;6;1;35
лизигамма;лизигамма;3;5;80;Лизиноприл;1;2;6;2;
рабепрозол;рабепрозол;3;20;20;Рабепразол;2;8;6;3;13
делагил;делагил;3;250;250;Хлорохин;2;8;6;2;48
симбикор*;симбикор|симбикорт;3;8,5;500;Будесонид+формотерол;2;8;6;1;49
омеганол;омеганол;3;500;1000;Омега-3-полиненасыщенные жирные кислоты;2;8;6;2;17
дюспаталин;дюспаталин;3;200;200;Мебеверин;2;8;6;1;50
норфлоксацин;норфлоксацин;3;400;400;Норфлоксацин;2;8;6;3;36
урегит;урегит;3;25;50;Этакриновая кислота;2;5;6;1;
лескол форте;лескол - форте|лескол -форте|лесол форте;3;80;80;Флувастатин;2;8;6;1;2
сетегис;сетегис;3;1;2;Теразозин;2;10;6;1;
норбактин;норбактин;3;400;400;Норфлоксацин;2;8;6;2;36
нимесулид;нимесулид;3;100;100;Нимесулид;2;8;6;3;26
кальцемин;кальцемин;3;250;500;Кальций, витамин D3, цинк, марганец, медь, бор;2;8;6;1;25
кордас*л;кордасал|кордасол;3;10;40;Олмесартан;1;3;6;1;
нолицин;нолицин;3;400;400;Норфлоксацин;2;8;6;2;36
глюренорм;глюренорм;3;30;30;Гликвидон;2;8;6;1;14
азатиоприн;азатиаприн|азатиоприн;3;1;100;Азатиоприн;2;8;6;3;18
ноотропил;ноотропил;3;5;1200;Пирацетам;2;8;6;1;21
бетамакс;бетамакс;3;50;200;Сульпирид;2;8;6;1;34
санвал;санвал;3;10;20;Золпидем;2;8;6;2;46
левофлоксацин;левофлоксацин;3;500;500;Левофлоксацин;2;8;6;3;36
теркодин;тиркосин;3;12,5;50;Терпинкод;2;8;6;3;
таваник;таваник;3;500;500;Левофлоксацин;2;8;6;1;36
катадолон;катадолон;3;100;100;Флупиртин;2;8;6;1;52
парнавел;парнавел;3;2,5;4;Периндоприл;1;2;6;2;
фолацин;фолацин;3;5;5;Фолиевая кислота;2;8;6;1;25
вестибо;вестибо;3;8;24;Бетагистин;2;8;6;2;19
фезам;овой  фезам по|фезам 400;3;25;400;Пирацетам+циннаризин;2;8;6;2;21
сиалор;сиафор;3;500;850;Протеинат серебра(протаргол);2;8;6;2;28
арител;арител;3;5;10;Бисопролол;1;1;6;2;
эреспал;эреспал;3;80;80;Фенспирид;2;8;6;1;53
эплеренон;эплеренон;3;12,5;25;Эплеренон;1;12;6;3;
ланзоптол;ланзоптол;2;30;30;Лансопразол;2;8;6;2;13
дюфалак;дюфалак;2;20;500;Лактулоза;2;8;6;1;54
флувастатин;флувастатин;2;80;80;Флувастатин;2;8;6;3;2
бетак;бетак;2;20;20;Бетаксолол;1;1;6;2;
кордафлекс ретард;кардофлекс рет|кардофлекс-ретард;2;20;20;Нифедипин;1;4;6;2;
реланиум;реланиум;2;5;5;Диазепам;2;8;6;2;7
амитриптилин;амитрипт;2;25;25;Амитриптилин;2;8;6;3;18
коринфар уно;коринфар уно|коринфар-уно;2;40;40;Нифедипин;1;4;6;2;
сакур;сакур;2;4;4;Лацидипин;1;4;6;2;
равел ретард;равел -рет|равел-ретард;2;1,5;1,5;Индапамид;1;5;6;2;
метронидазол;метронидазол|мнтрогидазол;2;250;500;Метронидазол;2;8;6;3;36
луцетам;луцетам;2;400;800;Пирацетам;2;8;6;2;21
ламиктал;ламиктал|ламиктил;2;25;50;Ламотриджин;2;8;6;1;18
пророксан;пирроксан;2;0,015;15;Пророксан;1;10;6;3;
ферлатум;ферлатум;2;800;800;Железа протеин сукцинилат;2;8;6;1;25
цинт;цинт;2;0,4;50;моксонидин;1;6;6;1;
феварин;феварин|феворин;2;50;50;Флувоксамин;2;8;6;1;18
циклоферон;циклоферон;2;50;50;Меглюмина акридонацетат;2;8;6;2;55
тиогамма;тиогамма;2;600;600;Тиоктовая кислота;2;8;6;1;15
коплавикс;ко-плавикс;2;75;100;Ацетилсалициловая кислота+клопидогрел;2;8;6;1;1
програф;програф;2;2,5;6;такролимус;2;8;6;1;56
пион;пион;2;12,5;50;Пион уклоняющийся;2;8;6;1;46
пустырник;пустырник;2;25;50;Пустырник;2;8;6;3;46
нолипрел а;нолипел а|нолипрл а;2;2,5;2,5;Периндоприл;1;2;6;1;
сомнол;сомнол;2;7,5;7,5;Зопиклон;2;8;6;2;46
индапамид-верте;индапамид- рет;2;1,25;1,5;Индапамид;1;5;6;3;
проноран;проноран;2;50;50;Пирибедил;2;8;6;1;57
аводарт;аводарт;2;0,5;500;Дутастерид;2;8;6;1;58
tофизопам;тофизопам;2;50;50;Тофизопам;2;8;6;3;7
синкумар;синкумар;2;2;9;Аценокумарол;2;8;6;2;5
папазол;папазола;2;25;25;Бендазол+папаверин;2;8;6;2;50
фокусин;фокусин;2;2;4;Тамсулозин;2;10;6;1;
депакин;депакин;2;500;500;Вальпроевая кислота;2;8;6;1;37
креон;креон;2;350;500;Панкреатин;2;8;6;1;59
феррум лек;ферум лек;2;1;400;Железа III гидроксид полимальтозат;2;8;6;2;25
глекомен;леркомен;2;20;20;Глекомен;2;8;6;1;60
мелоксикам;мелоксикам;2;1,5;15;Мелоксикам;2;8;6;3;26
теризидон;тразодон;2;12,5;150;Теризидон;2;8;6;3;36
невотенз;невотенз;2;5;5;Небиволол;1;1;6;2;
целебрекс;целебрекс т;2;200;200;Целекоксиб;2;8;6;1;26
винпоцетин;винпоцетин;2;5;5;Винпоцетин;2;8;6;3;41
флебодиа;флебодия|флебодиа;2;600;600;Диосмин;2;8;6;3;30
финлепсин;финлепсин|фенлипсин;2;200;400;Карбамазепин;2;8;6;1;37
пульмикорт;польмикорт|пульмикорт;2;100;500;Будесонид+формотерол;2;8;6;1;31
зокардис;закардис|зокардис;2;15;30;;;;;;
мультак;мультак;2;200;400;Дронедарон;2;8;6;1;6
дронедарон;дронедарон;2;200;400;Дронедарон;2;8;6;3;6
силденафил-сз;силденафил;2;20;50;Силденафил;2;10;6;3;
дексазон;беклазон;2;100;250;Беклометазон;2;8;6;2;31
гидреа;гидреа;2;500;500;Гидроксикарбамид;2;8;6;1;61
занидип-рекордати;занидип-рекордати;2;20;20;Лерканидипин;1;4;6;2;
тантордио;танторино|танторио;2;80;160;Валсартан;1;2;6;2;
урорек;урорек|уротек;2;8;500;Силодозин;2;8;6;;
ретапрес;ретапресс;2;1,5;1,5;Индапамид;1;5;6;2;
хлорпротиксен;хлорпротексен;2;15;15;Хлорпротиксен;2;8;6;3;34
триметазид;триметазид|триметазин;2;35;35;Триметазидин;2;8;6;2;15
корипрен;корипрен;2;10;10;Лерканидипин+Эналаприл;1;7;2;2;
фозинап;фозинап;2;10;20;Фозиноприл;1;2;6;2;
дальнева;дальнева;2;5;10;Амлодипин+периндоприл;1;7;2;2;
достинекс;достинекс;2;0,5;0,5;Каберголин;2;8;6;1;62
пантопразола натрия сесквигидрат;пантопразола натрия сесквигидрат;2;20;20;пантопразола натрия сесквигидрат;2;8;6;3;13
тикагрелор;тикагрелор;2;90;90;Тикагрелор;2;8;6;3;1
эзетимиб;эзитимиб ;2;10;10;Эзетимиб;2;8;6;3;10
плендил;плекдил|плендил;2;5;8;Фелодипин;1;4;6;1;
флемоксин солютаб;флемоксин салютаб;1;1000;1000;Амоксициллин+клавулановая кислота;2;8;6;2;36
теофиллин;теофиллин;1;200;200;Теофиллин;2;8;6;3;53
теотард;теотард;1;150;150;Теофиллин;2;8;6;2;53
фтивазид;фтивазид;1;500;500;Фтивазид;2;8;6;3;36
пиразинамид;пиразинамид;1;500;500;Пиразинамид;2;8;6;3;36
инстенон;инстенон;1;24;24;Гексобендин+этамиван+этофиллин;3;8;6;2;41
аспаркам;аспаркама;1;12,5;12,5;Калия и магния аспарагинат;2;8;6;2;25
предуктал форте;предуктал -форте;1;35;35;Триметазидин;2;8;6;1;15
энаренал;энаренал;1;5;5;Эналаприл;1;2;6;2;
оликард;оликард;1;40;40;Изосорбида мононитрат;2;8;6;2;3
атеростат;атеростат;1;20;20;Симвастатин;2;8;6;2;2
авелокс;авелокс;1;500;500;Моксифлоксацин;2;8;6;1;36
интал;интал;1;5;5;Кромоглициевая кислота;2;8;6;1;63
лазолван;лазолван;1;30;30;Трамазолин;2;8;6;1;64
баготирокс;баготирокс;1;50;50;Левотироксин натрия;2;8;6;2;8
корвитол;карвитол;1;12,5;12,5;Метопролол;1;1;6;2;
беклометазон;бекламетазон;1;250;250;Беклометазон;2;8;6;3;31
кардура нео;кордура по;1;8;8;Доксазозин;1;10;6;1;
сульфасалазин;сульфосалазин;1;500;500;Сульфасалазин;2;8;6;3;65
трихопол;трихопол;1;250;250;Метронидазол;2;8;6;2;36
кальций-д3 никомед;кальций-д3-никомед;1;1000;1000;Кальция карбонат+колекальциферол;2;8;6;2;25
фороза;фороза;1;70;70;Алендроновая кислота;2;8;6;2;66
полькортолон;полькортолон;1;4;4;Триамцинолон;2;8;6;2;31
альбетор;альбетор;1;40;40;проксодолол;1;9;6;2;
рифампицин;рифампицин;1;150;150;Рифампицин;2;8;6;3;36
теноретик;теноретик;1;12,5;12,5;Атенолол+хлорталидон;1;7;8;1;
тегретол;тегретол;1;200;200;Карбамазепин;2;8;6;2;37
мадопар;мадопар;1;250;250;Леводопа+бенсеразид;2;8;6;1;57
фенигидин;фенегидин|фенигидин;1;10;10;Нифедипин;1;4;6;2;
ситаглиптин;ситоглиптин;1;100;100;Ситаглиптин;2;8;6;3;14
янувия;янувия;1;100;100;Ситаглиптин;2;8;6;1;14
тиреотом;тиреотом;1;75;75;Левотироксин натрия+лиотиронин;2;8;6;2;8
маннитол;маннинил;1;3,5;3,5;Маннитол;2;5;6;3;
сердол;сердол;1;50;50;Метопролол;1;1;6;2;
тенормин;тенормин;1;50;50;Атенолол+хлорталидон;1;1;6;2;
акталипид;акталипид;1;10;10;Симвастатин;2;8;6;2;2
андипал;андипал;1;12,5;12,5;Бендазол+папаверин+метамизол натрия+фенобарбитал;2;8;6;2;50
акридипин;акридипин;1;5;10;Амлодипин;1;4;6;2;
амброгексал;амброгексал;1;30;30;Амброксол;2;8;6;1;64
парнасан;кардасан;1;20;20;Оланзапиг;2;8;6;2;67
веро-амлодипин;вероамлодипин;1;5;5;Амлодипин;1;4;6;2;
гастрозол;гастрозол;1;20;20;Омепразол;2;8;6;2;13
постинор;постоянном;1;2,5;2,5;Левоноргестрел;2;8;6;2;68
эссенциале форте н;эссенциале-форте|эссенциале форте ;1;10;10;Фосфолипиды;2;8;6;1;35
вазапростан;вазпростн;1;40;40;Алпростадил;2;8;6;1;15
флемоксин;флемоксин;1;1000;1000;Амоксициллин+клавулановая кислота;2;8;6;1;36
квадроприл;квадропил;1;5;5;Спираприл;1;2;6;1;
атровент;небулайзер атровент;1;1;1;Ипратропия бромид;2;8;6;1;38
тиорил;тиорил;1;25;25;Тиоридазин;2;8;6;2;34
глюкованс;глюкованс;1;500;500;Глибенкламид+метформин;2;8;6;1;14
изокет;изокет;1;40;40;Изосорбида динитрат;2;8;6;1;3
амприлан;апмрилан;1;2,5;2,5;Рамиприл+гидрохлоротиазид;1;2;6;2;
редуксин;редуксина;1;10;10;Сибутрамин;2;8;6;1;69
такролимус;такролимус;1;6;6;Такролимус;2;8;6;3;18
микофенолата мофетил;микофенолат мофетил;1;500;1000;микофенолата мофетил;2;8;6;3;18
селлсепт;селлсепт;1;500;1000;микофенолата мофетил;2;8;6;1;18
валганцикловир;валганцикловир;1;450;450;Валганцикловир;2;8;6;3;70
вальцит;вальцит;1;450;450;Валганцикловир;2;8;6;1;70
зонадин;зокадис;1;7,5;7,5;Золпидем;2;8;6;2;46
анальгин;анальгин;1;250;250;Анальгин;2;8;6;3;26
изомонит;изоманит ;1;50;50;Изосорбида мононитрат;2;8;6;2;3
арава;арава;1;20;20;Лефлуномид;2;8;6;1;18
телфаст;телфаст;1;180;180;Фексофенадин;2;8;6;1;71
норматенс;нормотенз;1;400;400;Резерпин + клопамид;1;7;11;3;
алпразолам;алпразолам;1;1;1;алпразолам;2;8;6;3;7
седативные;седативные|седативные препараты ;1;50;50;;2;8;6;3;46
валериана;валериана;1;50;50;корень валерианы;2;8;6;3;46
Пирамил; пирамил;1;1,25;1,25;Рамиприл+гидрохлоротиазид;1;2;6;2;
грандаксин;градоксин|грандаксин;1;50;50;тофизопам;2;8;6;1;7
супракс;супракса;1;400;400;цефиксим;2;8;6;1;36
агапурин;агапурин;1;400;400;пентоксифиллин;2;8;6;2;19
фосамакс;фосомакс;1;70;70;Алендроновая кислота;2;8;6;2;66
цианокобаламин;цианкобаламин;1;500;500;цианокобаламин;2;8;6;3;25
кларитин;кларитин;1;10;10;Лоратадин;2;8;6;1;71
ноопепт;ноопепт;1;10;10;Ноопепт;2;8;6;3;21
рантудил ретард;курантил ретард;1;75;75;Ацеметацин;2;8;6;2;26
литэн;литен;1;5;5;Лизиноприл;1;2;6;2;
вазилип;вази;1;20;20;Симвастатин;2;8;6;2;2
бидоп кор;бидоп и т;1;5;5;Бисопролол;1;1;6;2;
келикс;деликс;1;5;5;Доксорубицин;2;8;6;2;72
сортис;сортис;1;20;20;Аторвастатин;2;8;6;2;2
ксанакс;ксанакс;1;250;250;Алпразолам;2;8;6;2;7
зенакс;зенакс;1;250;250;Алпразолам;2;8;6;2;7
галвус мет;гальвусмет 50;1;1000;1000;Вилдаглиптин+метформин;2;8;6;1;14
флуифорт;флуифорт;1;600;600;Карбоцистеин;2;8;6;2;64
финастерид;финастерид;1;5;5;Финастерид;2;8;6;3;42
рамикардия;тахикардию;1;40;40;Рамиприл+гидрохлоротиазид;1;2;6;2;
салофальк;салофальк мв;1;500;500;Месалазин;2;8;6;1;26
седативный сбор;седативные травы;1;150;150;;2;8;6;3;46
азона;азона;1;12,5;12,5;Тразодон;2;8;6;2;18
макситопир;макситопир;1;50;50;Топирамат;2;8;6;2;37
веррукацид;верпогалид;1;240;240;Фенол+метакрезол;2;8;6;1;28
тиклид;тиклид;1;250;250;Тиклопидин;2;8;6;2;1
фенилин;фенилдин;1;30;30;Фениндион;2;8;6;2;5
вазонит;вазонит;1;600;600;пентоксифиллин;2;8;6;2;32
флюанксол;fluanxol|флюанксол;1;0,5;0,5;Флупентиксол;2;8;6;2;34
зодак;зодак;1;10;10;Цетиризин;2;8;6;2;71
беродуал;беродуал;1;2;2;Ипратропия бромид+фенотерол;2;8;6;1;49
аромазин;аромазин;1;25;25;Эксеместан;2;8;6;1;72
эгис;эгис;1;12,5;15;Анастрозол;2;8;6;1;72
левоцетиризин-тева;левоцетиризин- тева;1;5;5;Левоцетиризин;2;8;6;3;71
бозентан;бозентан;1;125;125;Бозентан;2;8;6;3;51
оликард 40 ретард;оликард-ретард;1;40;40;Изосорбида мононитрат;2;8;6;2;3
верогалид ретард;верогалид-ретард;1;240;240;Верапамил;2;8;6;2;12
октолипен;октолипен;1;300;300;Тиоктовая кислота;2;8;6;2;17
нооджерон;нооджерон;1;10;10;Мемантин;2;8;6;2;73
витагамма;сотагамма;1;120;120;Пиридоксин+тиамин+цианокобаламин;2;8;6;2;25
тремонорм;тримонорм;1;150;150;Леводопа+карбидопа;2;8;6;2;57
тражента;тражента;1;5;5;Линаглиптин;2;8;6;1;14
пантогам;пантогам;1;500;500;Пантогам;2;8;6;3;21
структум;структум;1;500;500;Хондроитина Сульфат;2;8;6;1;74
паск;васк;1;10;10;Аминосалицилловая кислота;2;8;6;1;36
оксамсар;оксаар;1;50;50;Ампициллин+оксациллин;2;8;6;2;36
цераксон;цераксон;1;2;2;Цитиколин;2;8;6;1;21
ниацинамид;статинами;1;10;10;Никотинамид;2;8;6;2;25
экватор форте;экватор-форте;1;10;10;Амлодипин+лизиноприл;1;7;2;1;
левосин;левоксин;1;50;50;Левомицетин+сульфадиметоксин+тримекаин+метилурацил;2;8;6;2;36
эналаприл н;эналоприл -н;1;5;5;Эналаприл+гипотиазид;1;7;1;2;
форадил;форадил;1;12;12;Будесонид+формотерол;2;8;6;1;49
брилинта;бриллина;1;150;150;Тикагрелор;2;8;6;1;1
плизил;плизил;1;500;500;Пароксетин;2;8;6;2;18
резален;резалют;1;500;500;Рисперидон;2;8;6;2;34
лирика;лирика;1;500;500;Прегабалин;2;8;6;1;37
рекордати;рекордати;1;20;20;Лерканидипин;1;4;6;2;
глибенкламид;глибенкламид;1;2,5;2,5;Глибенкламид;2;8;6;3;14
Диаформин од;диаформин;1;500;500;Метформин;2;8;6;2;14
теразозин;теразозин;1;4;4;Теразозин;1;10;6;3;
золпидем;золпидема;1;10;10;Золпидем;2;8;6;3;46
наком;наком;1;250;250;Леводопа+карбидопа;2;8;6;2;57
кудесан;кудесан;1;25;25;Убидекаренон;2;8;6;2;15
энзикс дуо;эннзикс дуо;1;10;10;Эналаприл+индапамид;1;7;1;2;
теванат;теванат;1;70;70;Алендроновая кислота;2;8;6;2;66
дриптан;риптан 5;1;5;5;Оксибутинин;2;8;6;1;50
растворт фенотерола гидробромида и ипратропия бромида;растворт фенотерола гидробромида и ипратропия бромида;1;2;2;Фенотерол + ипратропия бромид;2;8;6;3;49
ранитидин-акри;ранитидин ами;1;150;150;Ранитидин;2;8;6;3;16
олмесартана медоксамил;олмесартана медоксамил;1;20;20;олмесартана медоксамил;1;3;6;3;
фозид;фозид;1;10;10;Фозиноприл+гидрохлоротиазид;1;7;1;2;
прасугрель;прасугрель;1;10;10;прасугрель;2;8;6;3;1
вилдаглиптин;вилдаглиптин;1;50;50;Вилдаглиптин;2;8;6;3;14
альфа-липоевая кислота;альфа-липоевая кислота;1;600;600;Альфа-липоевая кислота;2;8;6;3;17
триампур;триампур;1;12,5;12,5;Триамтерен+гидрохлоротиазид;1;5;6;2;
олмезар;олмезар-м|олмезар;1;20;20;Олмесартан;1;3;6;2;
депренорм мв;депренорм;1;70;70;Триметазидин;2;8;6;2;15
орзид;рорзад;1;40;40;Цефтазидим;2;8;6;2;36
хлорталидон;хлорталидон;1;12,5;12,5;Хлорталидон;1;5;6;3;
афобазол гр;афобзол по;1;5;5;Фабомотизол;2;8;6;2;7
гинипрал;линипрел;1;5;5;Гексопреналин;2;8;6;1;49
зульбекс;зульбекс;1;10;10;Рабепразол;2;8;6;2;13
агомелатин;агомелатин;1;25;25;Агомелатин;2;8;6;3;18
тринитролонг;ориентировачно;1;10;10;Нитроглицерин;2;8;6;2;3
ферретаб;ферретаб;1;150;150;Железа фумарат+фолиевая кислота;2;8;6;1;25
метопролола тартрат;метопрола тартрат;1;25;25;Метопролол;1;1;6;3;
урапидил;урапиди;1;30;30;Урапидил;1;10;6;3;
флуимуцил;флуимуцил;1;600;600;Ацетилцистеин;2;8;6;1;64
лестродекс;лосардекс;1;50;50;Летрозол;2;8;6;2;72
брал;баб;1;0,4;0,4;Метамизол натрия+питофенон+фенпивериния бромид;2;8;6;2;50
лацидипин;леркамидипин;1;20;20;Лацидипин;1;4;6;3;
амбробене;амбробене;1;30;30;Амброксол;2;8;6;2;64
нифидепин ретард;нифидепин ретард;1;30;30;Нифедипин;1;4;6;3;
левотироксин;левотирокасин;1;50;50;Левотироксин натрия;2;8;6;3;8
фенофибрат микронизированный;фенофибрат микронизированный;1;145;145;фенофибрат микронизированный;2;8;6;3;10
урсодезоксихолевая кислота;урсодезоксихолевая кислота;1;260;260;Урсодезоксихолевая кислота;2;8;6;3;35
тамсулозин;тамсулозин;1;2;2;Тамсулозин;1;10;6;3;
тагиста;тагиста;1;16;16;Бетагистин;2;8;6;2;19
рибоксин;рибоксин;1;200;200;Инозин;2;8;6;2;17
бикард;бикард;1;10;10;бисопролол;1;1;6;2;
калия оротат;капли морозова;1;25;25;калия оротат;2;8;6;3;25
чампикс;чампикс;1;150;150;Варениклин;2;8;6;1;75
мальтофер;мальтофер;1;50;50;Железа III гидроксид полимальтозат;2;8;6;1;25
пиаскледин;пиоскледин;1;300;300;Авокадо и соевые бобы;2;8;6;3;74
